Country,Year,Predicted GDP
Aruba,2021,3528469062.7185364
Aruba,2022,3614396300.6129456
Aruba,2023,3700323538.5073547
Aruba,2024,3786250776.401764
Aruba,2025,3872178014.296173
Africa Eastern and Southern,2021,858265708641.8984
Africa Eastern and Southern,2022,875212159030.4844
Africa Eastern and Southern,2023,892158609419.0703
Africa Eastern and Southern,2024,909105059807.6562
Africa Eastern and Southern,2025,926051510196.2422
Afghanistan,2021,17490106752.66809
Afghanistan,2022,17804904812.279297
Afghanistan,2023,18119702871.890625
Afghanistan,2024,18434500931.50183
Afghanistan,2025,18749298991.113037
Africa Western and Central,2021,632140126078.3438
Africa Western and Central,2022,644919634845.6523
Africa Western and Central,2023,657699143612.9609
Africa Western and Central,2024,670478652380.2656
Africa Western and Central,2025,683258161147.5742
Angola,2021,109851177555.08496
Angola,2022,113046030335.58984
Angola,2023,116240883116.09375
Angola,2024,119435735896.59766
Angola,2025,122630588677.10156
Albania,2021,15329125770.773682
Albania,2022,15773697018.868042
Albania,2023,16218268266.962524
Albania,2024,16662839515.056885
Albania,2025,17107410763.151367
Andorra,2021,3757081597.4066467
Andorra,2022,3839701471.0507812
Andorra,2023,3922321344.694916
Andorra,2024,4004941218.3390503
Andorra,2025,4087561091.983185
Arab World,2021,2498707746441.8438
Arab World,2022,2553924997147.25
Arab World,2023,2609142247852.6562
Arab World,2024,2664359498558.0625
Arab World,2025,2719576749263.4688
United Arab Emirates,2021,380160103816.6797
United Arab Emirates,2022,389766339289.7617
United Arab Emirates,2023,399372574762.84375
United Arab Emirates,2024,408978810235.9219
United Arab Emirates,2025,418585045709.0039
Argentina,2021,489338127255.4492
Argentina,2022,498750111447.96484
Argentina,2023,508162095640.48047
Argentina,2024,517574079832.9961
Argentina,2025,526986064025.5117
Armenia,2021,13764952578.516235
Armenia,2022,14233630428.304932
Armenia,2023,14702308278.09375
Armenia,2024,15170986127.882446
Armenia,2025,15639663977.671143
American Samoa,2021,702105263.1578941
American Samoa,2022,712805263.1578941
American Samoa,2023,723505263.1578941
American Samoa,2024,734205263.1578941
American Samoa,2025,744905263.1578941
Antigua and Barbuda,2021,1588605475.9404144
Antigua and Barbuda,2022,1624970805.9066467
Antigua and Barbuda,2023,1661336135.8728638
Antigua and Barbuda,2024,1697701465.839096
Antigua and Barbuda,2025,1734066795.805313
Australia,2021,1233896615608.4766
Australia,2022,1258678749298.539
Australia,2023,1283460882988.6016
Australia,2024,1308243016678.664
Australia,2025,1333025150368.7266
Austria,2021,444652914082.6504
Austria,2022,453105435640.49023
Austria,2023,461557957198.33203
Austria,2024,470010478756.1738
Austria,2025,478463000314.0137
Azerbaijan,2021,66051055708.444336
Azerbaijan,2022,68562401365.04492
Azerbaijan,2023,71073747021.64551
Azerbaijan,2024,73585092678.2461
Azerbaijan,2025,76096438334.84668
Burundi,2021,2347833497.158081
Burundi,2022,2388390742.4078064
Burundi,2023,2428947987.657547
Burundi,2024,2469505232.9072723
Burundi,2025,2510062478.1569977
Belgium,2021,534123636775.7578
Belgium,2022,544104107632.1211
Belgium,2023,554084578488.4844
Belgium,2024,564065049344.8477
Belgium,2025,574045520201.2109
Benin,2021,11190691459.009644
Benin,2022,11421387425.464172
Benin,2023,11652083391.918701
Benin,2024,11882779358.373169
Benin,2025,12113475324.827698
Burkina Faso,2021,11909221428.119446
Burkina Faso,2022,12149846079.524536
Burkina Faso,2023,12390470730.929626
Burkina Faso,2024,12631095382.334717
Burkina Faso,2025,12871720033.739807
Bangladesh,2021,171988942486.375
Bangladesh,2022,175551929014.14844
Bangladesh,2023,179114915541.92188
Bangladesh,2024,182677902069.6953
Bangladesh,2025,186240888597.46875
Bulgaria,2021,59905418602.74512
Bulgaria,2022,61262269764.32959
Bulgaria,2023,62619120925.91406
Bulgaria,2024,63975972087.498535
Bulgaria,2025,65332823249.08301
Bahrain,2021,35209312394.07056
Bahrain,2022,36178886384.90088
Bahrain,2023,37148460375.731445
Bahrain,2024,38118034366.56177
Bahrain,2025,39087608357.392334
"Bahamas, The",2021,12179629770.019775
"Bahamas, The",2022,12416972227.364624
"Bahamas, The",2023,12654314684.709473
"Bahamas, The",2024,12891657142.054321
"Bahamas, The",2025,13128999599.39917
Bosnia and Herzegovina,2021,23481441095.49951
Bosnia and Herzegovina,2022,24277620883.59668
Bosnia and Herzegovina,2023,25073800671.693848
Bosnia and Herzegovina,2024,25869980459.791016
Bosnia and Herzegovina,2025,26666160247.888184
Belarus,2021,73089384972.41406
Belarus,2022,75411977441.93457
Belarus,2023,77734569911.45508
Belarus,2024,80057162380.97559
Belarus,2025,82379754850.4961
Belize,2021,1664533070.2964401
Belize,2022,1697580809.7461548
Belize,2023,1730628549.195877
Belize,2024,1763676288.6455994
Belize,2025,1796724028.095314
Bermuda,2021,7007821642.453918
Bermuda,2022,7147491279.554199
Bermuda,2023,7287160916.65448
Bermuda,2024,7426830553.754761
Bermuda,2025,7566500190.8550415
Bolivia,2021,27027573713.63147
Bolivia,2022,27575647073.343872
Bolivia,2023,28123720433.05652
Bolivia,2024,28671793792.76892
Bolivia,2025,29219867152.481567
Brazil,2021,1890207686945.8281
Brazil,2022,1928815026785.0625
Brazil,2023,1967422366624.2969
Brazil,2024,2006029706463.5312
Brazil,2025,2044637046302.7812
Barbados,2021,5474027908.528931
Barbados,2022,5586404997.811005
Barbados,2023,5698782087.093079
Barbados,2024,5811159176.375153
Barbados,2025,5923536265.657227
Brunei Darussalam,2021,14571632681.865723
Brunei Darussalam,2022,14868035215.695068
Brunei Darussalam,2023,15164437749.524414
Brunei Darussalam,2024,15460840283.353638
Brunei Darussalam,2025,15757242817.182983
Bhutan,2021,2156196002.481827
Bhutan,2022,2217642452.960266
Bhutan,2023,2279088903.4387054
Bhutan,2024,2340535353.91716
Bhutan,2025,2401981804.3955994
Botswana,2021,14320919503.273682
Botswana,2022,14615391005.637817
Botswana,2023,14909862508.002075
Botswana,2024,15204334010.366333
Botswana,2025,15498805512.730469
Central African Republic,2021,2174371813.1874237
Central African Republic,2022,2211305263.823242
Central African Republic,2023,2248238714.4590607
Central African Republic,2024,2285172165.094879
Central African Republic,2025,2322105615.7306824
Canada,2021,1684608811341.3516
Canada,2022,1716752879631.6875
Canada,2023,1748896947922.0234
Canada,2024,1781041016212.3672
Canada,2025,1813185084502.7031
Central Europe and the Baltics,2021,1788037353342.9531
Central Europe and the Baltics,2022,1842716332175.2969
Central Europe and the Baltics,2023,1897395311007.6406
Central Europe and the Baltics,2024,1952074289839.9844
Central Europe and the Baltics,2025,2006753268672.3281
Switzerland,2021,693949375982.8555
Switzerland,2022,707185960968.6562
Switzerland,2023,720422545954.4609
Switzerland,2024,733659130940.2617
Switzerland,2025,746895715926.0664
Channel Islands,2021,18237504819.878906
Channel Islands,2022,18804674612.31494
Channel Islands,2023,19371844404.750732
Channel Islands,2024,19939014197.186768
Channel Islands,2025,20506183989.622803
Chile,2021,230340921101.42383
Chile,2022,235057863752.07617
Chile,2023,239774806402.73047
Chile,2024,244491749053.3828
Chile,2025,249208691704.03516
China,2021,8290680117434.9375
China,2022,8475002826169.25
China,2023,8659325534903.5
China,2024,8843648243637.75
China,2025,9027970952372.0
Cote d'Ivoire,2021,44100893444.49414
Cote d'Ivoire,2022,44973505435.35083
Cote d'Ivoire,2023,45846117426.20752
Cote d'Ivoire,2024,46718729417.063965
Cote d'Ivoire,2025,47591341407.920654
Cameroon,2021,33086948296.298584
Cameroon,2022,33724182326.935303
Cameroon,2023,34361416357.57202
Cameroon,2024,34998650388.20874
Cameroon,2025,35635884418.8457
"Congo, Dem. Rep.",2021,29855592148.75354
"Congo, Dem. Rep.",2022,30369070922.355835
"Congo, Dem. Rep.",2023,30882549695.958008
"Congo, Dem. Rep.",2024,31396028469.560303
"Congo, Dem. Rep.",2025,31909507243.162598
"Congo, Rep.",2021,11885308598.407043
"Congo, Rep.",2022,12127071195.426514
"Congo, Rep.",2023,12368833792.445984
"Congo, Rep.",2024,12610596389.465515
"Congo, Rep.",2025,12852358986.484985
Colombia,2021,286665655262.7383
Colombia,2022,292516211912.6699
Colombia,2023,298366768562.60156
Colombia,2024,304217325212.5332
Colombia,2025,310067881862.4629
Comoros,2021,1170084542.414894
Comoros,2022,1197154801.2902832
Comoros,2023,1224225060.16568
Comoros,2024,1251295319.041069
Comoros,2025,1278365577.9164658
Cabo Verde,2021,2013177064.998993
Cabo Verde,2022,2066670742.247757
Cabo Verde,2023,2120164419.4965057
Cabo Verde,2024,2173658096.74527
Cabo Verde,2025,2227151773.994034
Costa Rica,2021,46107947396.20361
Costa Rica,2022,47076019470.65723
Costa Rica,2023,48044091545.11084
Costa Rica,2024,49012163619.5647
Costa Rica,2025,49980235694.01831
Caribbean small states,2021,70899086613.22559
Caribbean small states,2022,72259474412.55713
Caribbean small states,2023,73619862211.88867
Caribbean small states,2024,74980250011.2207
Caribbean small states,2025,76340637810.55225
Cuba,2021,84690571626.39404
Cuba,2022,86430000077.95557
Cuba,2023,88169428529.51709
Cuba,2024,89908856981.07861
Cuba,2025,91648285432.64014
Curacao,2021,2921060717.0448074
Curacao,2022,2894123679.729683
Curacao,2023,2867186642.414566
Curacao,2024,2840249605.099449
Curacao,2025,2813312567.7843246
Cayman Islands,2021,5598611450.743744
Cayman Islands,2022,5707000141.577087
Cayman Islands,2023,5815388832.410431
Cayman Islands,2024,5923777523.243805
Cayman Islands,2025,6032166214.077148
Cyprus,2021,27899530908.260742
Cyprus,2022,28568408453.154785
Cyprus,2023,29237285998.04883
Cyprus,2024,29906163542.943115
Cyprus,2025,30575041087.83716
Czech Republic,2021,270403328877.3711
Czech Republic,2022,278647000368.82227
Czech Republic,2023,286890671860.2715
Czech Republic,2024,295134343351.7207
Czech Republic,2025,303378014843.1719
Germany,2021,4157935130079.3438
Germany,2022,4238920805011.2188
Germany,2023,4319906479943.0938
Germany,2024,4400892154874.969
Germany,2025,4481877829806.844
Djibouti,2021,2544083329.104492
Djibouti,2022,2622951417.382263
Djibouti,2023,2701819505.6600647
Djibouti,2024,2780687593.937866
Djibouti,2025,2859555682.2156677
Dominica,2021,603881843.812542
Dominica,2022,616877377.3231773
Dominica,2023,629872910.8338127
Dominica,2024,642868444.3444519
Dominica,2025,655863977.8550873
Denmark,2021,369086093231.4785
Denmark,2022,376363533759.4238
Denmark,2023,383640974287.36914
Denmark,2024,390918414815.31445
Denmark,2025,398195855343.2578
Dominican Republic,2021,63324965846.21973
Dominican Republic,2022,64634270545.83301
Dominican Republic,2023,65943575245.44678
Dominican Republic,2024,67252879945.06055
Dominican Republic,2025,68562184644.67383
Algeria,2021,168137737621.50684
Algeria,2022,171357972453.1504
Algeria,2023,174578207284.79492
Algeria,2024,177798442116.43848
Algeria,2025,181018676948.083
East Asia & Pacific (excluding high income),2021,10278197853179.125
East Asia & Pacific (excluding high income),2022,10504065824175.875
East Asia & Pacific (excluding high income),2023,10729933795172.625
East Asia & Pacific (excluding high income),2024,10955801766169.375
East Asia & Pacific (excluding high income),2025,11181669737166.188
Early-demographic dividend,2021,9305992609308.25
Early-demographic dividend,2022,9494123359303.938
Early-demographic dividend,2023,9682254109299.562
Early-demographic dividend,2024,9870384859295.188
Early-demographic dividend,2025,10058515609290.875
East Asia & Pacific,2021,20691264440843.0
East Asia & Pacific,2022,21113150454620.75
East Asia & Pacific,2023,21535036468398.5
East Asia & Pacific,2024,21956922482176.25
East Asia & Pacific,2025,22378808495954.0
Europe & Central Asia (excluding high income),2021,3983902452004.5312
Europe & Central Asia (excluding high income),2022,4101512920701.5
Europe & Central Asia (excluding high income),2023,4219123389398.5
Europe & Central Asia (excluding high income),2024,4336733858095.4688
Europe & Central Asia (excluding high income),2025,4454344326792.4375
Europe & Central Asia,2021,24039595521028.5
Europe & Central Asia,2022,24521113635908.125
Europe & Central Asia,2023,25002631750787.625
Europe & Central Asia,2024,25484149865667.25
Europe & Central Asia,2025,25965667980546.875
Ecuador,2021,83201753151.89062
Ecuador,2022,84862013072.33887
Ecuador,2023,86522272992.78711
Ecuador,2024,88182532913.23535
Ecuador,2025,89842792833.6836
"Egypt, Arab Rep.",2021,255731086879.5957
"Egypt, Arab Rep.",2022,261355743596.46094
"Egypt, Arab Rep.",2023,266980400313.32812
"Egypt, Arab Rep.",2024,272605057030.19336
"Egypt, Arab Rep.",2025,278229713747.06055
Euro area,2021,14018963648209.812
Euro area,2022,14280393647709.625
Euro area,2023,14541823647209.438
Euro area,2024,14803253646709.25
Euro area,2025,15064683646209.062
Eritrea,2021,2387811579.295685
Eritrea,2022,2460121204.10495
Eritrea,2023,2532430828.914215
Eritrea,2024,2604740453.72348
Eritrea,2025,2677050078.532715
Spain,2021,1450670052095.9766
Spain,2022,1478748741008.8047
Spain,2023,1506827429921.625
Spain,2024,1534906118834.4531
Spain,2025,1562984807747.2812
Estonia,2021,33173292434.521484
Estonia,2022,34353769131.895508
Estonia,2023,35534245829.26904
Estonia,2024,36714722526.64307
Estonia,2025,37895199224.01709
Ethiopia,2021,65300314998.14111
Ethiopia,2022,67213666047.47412
Ethiopia,2023,69127017096.80664
Ethiopia,2024,71040368146.13965
Ethiopia,2025,72953719195.47217
European Union,2021,16876073658740.75
European Union,2022,17219036322510.75
European Union,2023,17561998986280.75
European Union,2024,17904961650050.625
European Union,2025,18247924313820.625
Fragile and conflict affected situations,2021,1559821102893.4062
Fragile and conflict affected situations,2022,1593636765695.7031
Fragile and conflict affected situations,2023,1627452428498.0
Fragile and conflict affected situations,2024,1661268091300.2969
Fragile and conflict affected situations,2025,1695083754102.5938
Finland,2021,278867085823.20703
Finland,2022,284089343429.81445
Finland,2023,289311601036.4199
Finland,2024,294533858643.0254
Finland,2025,299756116249.6328
Fiji,2021,4442043163.11554
Fiji,2022,4525583444.201355
Fiji,2023,4609123725.287201
Fiji,2024,4692664006.373047
Fiji,2025,4776204287.458893
France,2021,2915003984464.0938
France,2022,2968637953820.4688
France,2023,3022271923176.828
France,2024,3075905892533.203
France,2025,3129539861889.578
Faroe Islands,2021,3393403638.060089
Faroe Islands,2022,3495524176.9447937
Faroe Islands,2023,3597644715.8294983
Faroe Islands,2024,3699765254.7141724
Faroe Islands,2025,3801885793.598877
"Micronesia, Fed. Sts.",2021,388228711.895874
"Micronesia, Fed. Sts.",2022,395846719.8722992
"Micronesia, Fed. Sts.",2023,403464727.84872437
"Micronesia, Fed. Sts.",2024,411082735.8251476
"Micronesia, Fed. Sts.",2025,418700743.8015728
Gabon,2021,15252838319.10791
Gabon,2022,15547012385.177612
Gabon,2023,15841186451.247314
Gabon,2024,16135360517.317139
Gabon,2025,16429534583.38684
United Kingdom,2021,3057313996229.797
United Kingdom,2022,3115299952799.25
United Kingdom,2023,3173285909368.6875
United Kingdom,2024,3231271865938.1406
United Kingdom,2025,3289257822507.578
Georgia,2021,18655349284.443848
Georgia,2022,19272599267.53784
Georgia,2023,19889849250.63208
Georgia,2024,20507099233.72632
Georgia,2025,21124349216.820557
Ghana,2021,42547743004.383545
Ghana,2022,43443100674.94238
Ghana,2023,44338458345.501465
Ghana,2024,45233816016.0603
Ghana,2025,46129173686.61914
Guinea,2021,10864848179.805786
Guinea,2022,11162017286.864868
Guinea,2023,11459186393.92395
Guinea,2024,11756355500.983032
Guinea,2025,12053524608.042114
"Gambia, The",2021,1621461659.8838577
"Gambia, The",2022,1655092888.6382675
"Gambia, The",2023,1688724117.3926773
"Gambia, The",2024,1722355346.147087
"Gambia, The",2025,1755986574.901497
Guinea-Bissau,2021,1144151739.2308578
Guinea-Bissau,2022,1170245079.771553
Guinea-Bissau,2023,1196338420.3122406
Guinea-Bissau,2024,1222431760.8529358
Guinea-Bissau,2025,1248525101.3936234
Equatorial Guinea,2021,13581755508.020264
Equatorial Guinea,2022,13889026625.476318
Equatorial Guinea,2023,14196297742.932251
Equatorial Guinea,2024,14503568860.388184
Equatorial Guinea,2025,14810839977.844238
Greece,2021,272100756913.39062
Greece,2022,277133424598.94727
Greece,2023,282166092284.5039
Greece,2024,287198759970.0625
Greece,2025,292231427655.61914
Grenada,2021,1098830113.053009
Grenada,2022,1124688216.4382324
Grenada,2023,1150546319.8234482
Grenada,2024,1176404423.2086716
Grenada,2025,1202262526.593895
Greenland,2021,2946028868.944916
Greenland,2022,3009015398.979431
Greenland,2023,3072001929.0139465
Greenland,2024,3134988459.048462
Greenland,2025,3197974989.0829773
Guatemala,2021,54055864049.196045
Guatemala,2022,55155507921.62964
Guatemala,2023,56255151794.06323
Guatemala,2024,57354795666.496826
Guatemala,2025,58454439538.93042
Guam,2021,6576245614.035156
Guam,2022,6732007017.543884
Guam,2023,6887768421.052673
Guam,2024,7043529824.561462
Guam,2025,7199291228.07019
Guyana,2021,3577037109.8979797
Guyana,2022,3649786003.1498413
Guyana,2023,3722534896.4016724
Guyana,2024,3795283789.653534
Guyana,2025,3868032682.9053955
High income,2021,52889288142302.0
High income,2022,53891025911992.25
High income,2023,54892763681682.25
High income,2024,55894501451372.5
High income,2025,56896239221062.5
"Hong Kong SAR, China",2021,305932497299.2832
"Hong Kong SAR, China",2022,312049447243.06445
"Hong Kong SAR, China",2023,318166397186.8457
"Hong Kong SAR, China",2024,324283347130.62695
"Hong Kong SAR, China",2025,330400297074.40625
Honduras,2021,18840733770.935547
Honduras,2022,19209891397.92383
Honduras,2023,19579049024.911987
Honduras,2024,19948206651.90027
Honduras,2025,20317364278.888428
Heavily indebted poor countries (HIPC),2021,583866795448.875
Heavily indebted poor countries (HIPC),2022,595436174969.707
Heavily indebted poor countries (HIPC),2023,607005554490.5352
Heavily indebted poor countries (HIPC),2024,618574934011.3672
Heavily indebted poor countries (HIPC),2025,630144313532.1953
Croatia,2021,70595012705.4043
Croatia,2022,72408652394.36328
Croatia,2023,74222292083.32178
Croatia,2024,76035931772.28027
Croatia,2025,77849571461.23877
Haiti,2021,13032797458.426636
Haiti,2022,13297806341.117615
Haiti,2023,13562815223.808533
Haiti,2024,13827824106.49945
Haiti,2025,14092832989.19043
Hungary,2021,174867159671.6211
Hungary,2022,179765113331.6328
Hungary,2023,184663066991.64258
Hungary,2024,189561020651.6543
Hungary,2025,194458974311.66602
IBRD only,2021,22499161259641.125
IBRD only,2022,22969019766219.75
IBRD only,2023,23438878272798.5
IBRD only,2024,23908736779377.25
IBRD only,2025,24378595285955.875
IDA & IBRD total,2021,24236945702922.625
IDA & IBRD total,2022,24741702377775.125
IDA & IBRD total,2023,25246459052627.625
IDA & IBRD total,2024,25751215727480.125
IDA & IBRD total,2025,26255972402332.625
IDA total,2021,1738328068832.8281
IDA total,2022,1773267491647.25
IDA total,2023,1808206914461.6719
IDA total,2024,1843146337276.0938
IDA total,2025,1878085760090.5312
IDA blend,2021,793531190956.793
IDA blend,2022,809626030854.0039
IDA blend,2023,825720870751.2188
IDA blend,2024,841815710648.4336
IDA blend,2025,857910550545.6484
Indonesia,2021,833202638919.5625
Indonesia,2022,852556792508.3125
Indonesia,2023,871910946097.0547
Indonesia,2024,891265099685.8047
Indonesia,2025,910619253274.5469
IDA only,2021,944865118497.9219
IDA only,2022,963702157042.8125
IDA only,2023,982539195587.7031
IDA only,2024,1001376234132.5859
IDA only,2025,1020213272677.4766
Isle of Man,2021,8982502190.697144
Isle of Man,2022,9314589336.447998
Isle of Man,2023,9646676482.198853
Isle of Man,2024,9978763627.949707
Isle of Man,2025,10310850773.700562
India,2021,1862165525246.0625
India,2022,1900978631752.4375
India,2023,1939791738258.7969
India,2024,1978604844765.1719
India,2025,2017417951271.5312
Ireland,2021,291888881884.6172
Ireland,2022,297970149428.4629
Ireland,2023,304051416972.30664
Ireland,2024,310132684516.1504
Ireland,2025,316213952059.9961
"Iran, Islamic Rep.",2021,390072849478.38477
"Iran, Islamic Rep.",2022,397333986981.0039
"Iran, Islamic Rep.",2023,404595124483.625
"Iran, Islamic Rep.",2024,411856261986.24414
"Iran, Islamic Rep.",2025,419117399488.8633
Iraq,2021,163574224162.86035
Iraq,2022,166963435671.11035
Iraq,2023,170352647179.36035
Iraq,2024,173741858687.60938
Iraq,2025,177131070195.85938
Iceland,2021,20106248867.927612
Iceland,2022,20498428219.04663
Iceland,2023,20890607570.16565
Iceland,2024,21282786921.28479
Iceland,2025,21674966272.40381
Israel,2021,301621586376.6172
Israel,2022,307300847698.56055
Israel,2023,312980109020.50195
Israel,2024,318659370342.4453
Israel,2025,324338631664.3867
Italy,2021,2319513773662.9844
Italy,2022,2362091984528.7812
Italy,2023,2404670195394.578
Italy,2024,2447248406260.375
Italy,2025,2489826617126.1875
Jamaica,2021,15020832492.713867
Jamaica,2022,15296178292.632812
Jamaica,2023,15571524092.551758
Jamaica,2024,15846869892.470581
Jamaica,2025,16122215692.389526
Jordan,2021,33054364388.719727
Jordan,2022,33785741026.883545
Jordan,2023,34517117665.04712
Jordan,2024,35248494303.21094
Jordan,2025,35979870941.374756
Japan,2021,6383534315903.25
Japan,2022,6497542450715.8125
Japan,2023,6611550585528.375
Japan,2024,6725558720340.906
Japan,2025,6839566855153.469
Kazakhstan,2021,211743723756.10547
Kazakhstan,2022,219167033290.11328
Kazakhstan,2023,226590342824.11914
Kazakhstan,2024,234013652358.125
Kazakhstan,2025,241436961892.13086
Kenya,2021,58912326159.80615
Kenya,2022,60158027541.950195
Kenya,2023,61403728924.09473
Kenya,2024,62649430306.23926
Kenya,2025,63895131688.38379
Kyrgyz Republic,2021,8051695802.98291
Kyrgyz Republic,2022,8301998391.99646
Kyrgyz Republic,2023,8552300981.009949
Kyrgyz Republic,2024,8802603570.023499
Kyrgyz Republic,2025,9052906159.037048
Cambodia,2021,15961619682.226562
Cambodia,2022,16273806616.012451
Cambodia,2023,16585993549.798462
Cambodia,2024,16898180483.584473
Cambodia,2025,17210367417.37036
Kiribati,2021,178277409.26581573
Kiribati,2022,181837721.23298073
Kiribati,2023,185398033.20014668
Kiribati,2024,188958345.16731167
Kiribati,2025,192518657.13447666
St. Kitts and Nevis,2021,915533751.5266953
St. Kitts and Nevis,2022,934085762.301506
St. Kitts and Nevis,2023,952637773.0763168
St. Kitts and Nevis,2024,971189783.8511276
St. Kitts and Nevis,2025,989741794.6259308
"Korea, Rep.",2021,1399574123328.8047
"Korea, Rep.",2022,1428584134027.3281
"Korea, Rep.",2023,1457594144725.8438
"Korea, Rep.",2024,1486604155424.3594
"Korea, Rep.",2025,1515614166122.8828
Kuwait,2021,129789859859.10352
Kuwait,2022,132549999663.13574
Kuwait,2023,135310139467.16797
Kuwait,2024,138070279271.2002
Kuwait,2025,140830419075.23242
Latin America & Caribbean (excluding high income),2021,4578937706295.781
Latin America & Caribbean (excluding high income),2022,4671108984948.0
Latin America & Caribbean (excluding high income),2023,4763280263600.25
Latin America & Caribbean (excluding high income),2024,4855451542252.469
Latin America & Caribbean (excluding high income),2025,4947622820904.719
Lao PDR,2021,14808548891.192749
Lao PDR,2022,15291252872.020386
Lao PDR,2023,15773956852.848022
Lao PDR,2024,16256660833.67566
Lao PDR,2025,16739364814.503296
Lebanon,2021,54099745242.37012
Lebanon,2022,55763170598.65576
Lebanon,2023,57426595954.941895
Lebanon,2024,59090021311.22803
Lebanon,2025,60753446667.51416
Liberia,2021,3941655353.8095703
Liberia,2022,4105887217.5758057
Liberia,2023,4270119081.342041
Liberia,2024,4434350945.108276
Liberia,2025,4598582808.874512
Libya,2021,54187046755.33887
Libya,2022,54965550116.72949
Libya,2023,55744053478.12012
Libya,2024,56522556839.51099
Libya,2025,57301060200.90161
St. Lucia,2021,2012304263.3243103
St. Lucia,2022,2060213891.5989227
St. Lucia,2023,2108123519.8735352
St. Lucia,2024,2156033148.1481476
St. Lucia,2025,2203942776.42276
Latin America & Caribbean,2021,5321607377675.406
Latin America & Caribbean,2022,5428667289667.781
Latin America & Caribbean,2023,5535727201660.156
Latin America & Caribbean,2024,5642787113652.5625
Latin America & Caribbean,2025,5749847025644.9375
Least developed countries: UN classification,2021,970501784899.9688
Least developed countries: UN classification,2022,997221446457.8672
Least developed countries: UN classification,2023,1023941108015.7578
Least developed countries: UN classification,2024,1050660769573.6484
Least developed countries: UN classification,2025,1077380431131.5391
Low income,2021,499331572304.02344
Low income,2022,511377834408.97266
Low income,2023,523424096513.91797
Low income,2024,535470358618.8633
Low income,2025,547516620723.8086
Liechtenstein,2021,6470436893.126343
Liechtenstein,2022,6617940056.477234
Liechtenstein,2023,6765443219.828125
Liechtenstein,2024,6912946383.179016
Liechtenstein,2025,7060449546.529968
Sri Lanka,2021,62623531895.86914
Sri Lanka,2022,63940286178.64111
Sri Lanka,2023,65257040461.4126
Sri Lanka,2024,66573794744.18408
Sri Lanka,2025,67890549026.956055
Lower middle income,2021,5664070358840.844
Lower middle income,2022,5780533207890.969
Lower middle income,2023,5896996056941.094
Lower middle income,2024,6013458905991.1875
Lower middle income,2025,6129921755041.3125
Low & middle income,2021,23180605983017.875
Low & middle income,2022,23663896516701.875
Low & middle income,2023,24147187050385.875
Low & middle income,2024,24630477584069.875
Low & middle income,2025,25113768117753.75
Lesotho,2021,2254759898.8237457
Lesotho,2022,2298914213.0373383
Lesotho,2023,2343068527.250946
Lesotho,2024,2387222841.464554
Lesotho,2025,2431377155.6781464
Late-demographic dividend,2021,15745247479473.625
Late-demographic dividend,2022,16079506615467.625
Late-demographic dividend,2023,16413765751461.625
Late-demographic dividend,2024,16748024887455.625
Late-demographic dividend,2025,17082284023449.625
Lithuania,2021,60147663078.68848
Lithuania,2022,62252987333.26758
Lithuania,2023,64358311587.84619
Lithuania,2024,66463635842.424805
Lithuania,2025,68568960097.00342
Luxembourg,2021,61397608337.9082
Luxembourg,2022,62652281949.90088
Luxembourg,2023,63906955561.893555
Luxembourg,2024,65161629173.88574
Luxembourg,2025,66416302785.87842
Latvia,2021,38706245787.125
Latvia,2022,40017035325.45947
Latvia,2023,41327824863.79443
Latvia,2024,42638614402.129395
Latvia,2025,43949403940.464355
"Macao SAR, China",2021,46149432084.42432
"Macao SAR, China",2022,47570363771.8916
"Macao SAR, China",2023,48991295459.35889
"Macao SAR, China",2024,50412227146.82617
"Macao SAR, China",2025,51833158834.29346
Morocco,2021,103225972711.22314
Morocco,2022,105242885447.54199
Morocco,2023,107259798183.86084
Morocco,2024,109276710920.18018
Morocco,2025,111293623656.49902
Monaco,2021,6970140084.226624
Monaco,2022,7115395336.517944
Monaco,2023,7260650588.809204
Monaco,2024,7405905841.100525
Monaco,2025,7551161093.391785
Moldova,2021,11867453505.657959
Moldova,2022,12337737273.348267
Moldova,2023,12808021041.038574
Moldova,2024,13278304808.728882
Moldova,2025,13748588576.419312
Madagascar,2021,11511709702.898254
Madagascar,2022,11717425540.35791
Madagascar,2023,11923141377.817627
Madagascar,2024,12128857215.277344
Madagascar,2025,12334573052.737
Maldives,2021,4147275873.367157
Maldives,2022,4272744268.060913
Maldives,2023,4398212662.754669
Maldives,2024,4523681057.448425
Maldives,2025,4649149452.142181
Middle East & North Africa,2021,3165655061593.6094
Middle East & North Africa,2022,3234801847785.078
Middle East & North Africa,2023,3303948633976.547
Middle East & North Africa,2024,3373095420168.0156
Middle East & North Africa,2025,3442242206359.4844
Mexico,2021,1209898386810.5625
Mexico,2022,1233663512581.9297
Mexico,2023,1257428638353.2969
Mexico,2024,1281193764124.6719
Mexico,2025,1304958889896.039
Marshall Islands,2021,224676501.15384674
Marshall Islands,2022,229498474.25891304
Marshall Islands,2023,234320447.36397743
Marshall Islands,2024,239142420.46904373
Marshall Islands,2025,243964393.57411003
Middle income,2021,22748983990760.875
Middle income,2022,23223960036119.625
Middle income,2023,23698936081478.25
Middle income,2024,24173912126836.875
Middle income,2025,24648888172195.625
North Macedonia,2021,12780042259.195923
North Macedonia,2022,13128128632.5802
North Macedonia,2023,13476215005.964478
North Macedonia,2024,13824301379.348755
North Macedonia,2025,14172387752.73291
Mali,2021,13319651438.40271
Mali,2022,13619890926.59082
Mali,2023,13920130414.77893
Mali,2024,14220369902.967163
Mali,2025,14520609391.155273
Malta,2021,12143298464.362305
Malta,2022,12424038194.552002
Malta,2023,12704777924.741821
Malta,2024,12985517654.931519
Malta,2025,13266257385.121216
Myanmar,2021,46085086219.35913
Myanmar,2022,47122007773.96509
Myanmar,2023,48158929328.571045
Myanmar,2024,49195850883.177
Myanmar,2025,50232772437.78296
Middle East & North Africa (excluding high income),2021,1422620687804.25
Middle East & North Africa (excluding high income),2022,1451748087770.1172
Middle East & North Africa (excluding high income),2023,1480875487735.9844
Middle East & North Africa (excluding high income),2024,1510002887701.8594
Middle East & North Africa (excluding high income),2025,1539130287667.7266
Montenegro,2021,5953109128.877991
Montenegro,2022,6167502635.977905
Montenegro,2023,6381896143.077881
Montenegro,2024,6596289650.177795
Montenegro,2025,6810683157.27771
Mongolia,2021,11095623955.739746
Mongolia,2022,11397687783.526855
Mongolia,2023,11699751611.313965
Mongolia,2024,12001815439.101074
Mongolia,2025,12303879266.888184
Northern Mariana Islands,2021,1062434124.5270033
Northern Mariana Islands,2022,1065639490.8840733
Northern Mariana Islands,2023,1068844857.2411423
Northern Mariana Islands,2024,1072050223.5982113
Northern Mariana Islands,2025,1075255589.9552803
Mozambique,2021,17498866369.23694
Mozambique,2022,18026456010.481567
Mozambique,2023,18554045651.726074
Mozambique,2024,19081635292.970703
Mozambique,2025,19609224934.21521
Mauritania,2021,6169287328.680969
Mauritania,2022,6291546765.839447
Mauritania,2023,6413806202.997894
Mauritania,2024,6536065640.156342
Mauritania,2025,6658325077.314789
Mauritius,2021,13053048317.738525
Mauritius,2022,13372794417.681519
Mauritius,2023,13692540517.624512
Mauritius,2024,14012286617.567505
Mauritius,2025,14332032717.51062
Malawi,2021,7054799321.775879
Malawi,2022,7195898103.965393
Malawi,2023,7336996886.154907
Malawi,2024,7478095668.344421
Malawi,2025,7619194450.533936
Malaysia,2021,282512400183.1289
Malaysia,2022,288380945997.9414
Malaysia,2023,294249491812.7539
Malaysia,2024,300118037627.56445
Malaysia,2025,305986583442.37695
North America,2021,20344943551849.375
North America,2022,20731192694693.625
North America,2023,21117441837538.0
North America,2024,21503690980382.25
North America,2025,21889940123226.625
Namibia,2021,12875646892.322754
Namibia,2022,13192592238.063232
Namibia,2023,13509537583.80371
Namibia,2024,13826482929.544067
Namibia,2025,14143428275.284546
New Caledonia,2021,9762813442.502014
New Caledonia,2022,9968346976.786682
New Caledonia,2023,10173880511.07129
New Caledonia,2024,10379414045.355957
New Caledonia,2025,10584947579.640625
Niger,2021,9262010708.579407
Niger,2022,9440919189.880432
Niger,2023,9619827671.181519
Niger,2024,9798736152.482544
Niger,2025,9977644633.78363
Nigeria,2021,366395443530.13086
Nigeria,2022,373862910458.89844
Nigeria,2023,381330377387.66406
Nigeria,2024,388797844316.4297
Nigeria,2025,396265311245.1953
Nicaragua,2021,10963611288.351929
Nicaragua,2022,11173736342.761292
Nicaragua,2023,11383861397.170593
Nicaragua,2024,11593986451.579895
Nicaragua,2025,11804111505.989258
Netherlands,2021,919167475352.6602
Netherlands,2022,936571382222.0391
Netherlands,2023,953975289091.4219
Netherlands,2024,971379195960.8047
Netherlands,2025,988783102830.1875
Norway,2021,433126688505.02734
Norway,2022,441648442702.00586
Norway,2023,450170196898.9863
Norway,2024,458691951095.96484
Norway,2025,467213705292.9453
Nepal,2021,21030346756.570312
Nepal,2022,21467568545.55493
Nepal,2023,21904790334.53943
Nepal,2024,22342012123.523926
Nepal,2025,22779233912.508423
Nauru,2021,132101968.17477798
Nauru,2022,137957172.44661522
Nauru,2023,143812376.71845245
Nauru,2024,149667580.9902916
Nauru,2025,155522785.26212883
New Zealand,2021,175489304138.39746
New Zealand,2022,178977610666.13184
New Zealand,2023,182465917193.86523
New Zealand,2024,185954223721.59863
New Zealand,2025,189442530249.33203
OECD members,2021,52318588722814.25
OECD members,2022,53308163870632.25
OECD members,2023,54297739018450.5
OECD members,2024,55287314166268.5
OECD members,2025,56276889314086.75
Oman,2021,72791387147.32764
Oman,2022,74431069165.15869
Oman,2023,76070751182.98926
Oman,2024,77710433200.82031
Oman,2025,79350115218.65137
Other small states,2021,383443446423.3633
Other small states,2022,392626366685.0547
Other small states,2023,401809286946.7422
Other small states,2024,410992207208.4297
Other small states,2025,420175127470.1172
Pakistan,2021,225501744802.39258
Pakistan,2022,230111666880.46484
Pakistan,2023,234721588958.53516
Pakistan,2024,239331511036.60742
Pakistan,2025,243941433114.6797
Panama,2021,42366096734.24634
Panama,2022,43246341427.73828
Panama,2023,44126586121.23047
Panama,2024,45006830814.72241
Panama,2025,45887075508.214355
Peru,2021,168254547827.2041
Peru,2022,171693859484.583
Peru,2023,175133171141.9629
Peru,2024,178572482799.3418
Peru,2025,182011794456.72168
Philippines,2021,260529477537.7578
Philippines,2022,265832458058.125
Philippines,2023,271135438578.49023
Philippines,2024,276438419098.85547
Philippines,2025,281741399619.22266
Palau,2021,294054999.5238075
Palau,2022,301342354.45887375
Palau,2023,308629709.39393806
Palau,2024,315917064.3290024
Palau,2025,323204419.2640686
Papua New Guinea,2021,17496585373.94629
Papua New Guinea,2022,17855304953.58557
Papua New Guinea,2023,18214024533.224854
Papua New Guinea,2024,18572744112.864136
Papua New Guinea,2025,18931463692.503418
Poland,2021,643317900392.0547
Poland,2022,663009298463.4688
Poland,2023,682700696534.8906
Poland,2024,702392094606.3125
Poland,2025,722083492677.7266
Pre-demographic dividend,2021,1104273238576.6562
Pre-demographic dividend,2022,1126477438800.4766
Pre-demographic dividend,2023,1148681639024.3047
Pre-demographic dividend,2024,1170885839248.1328
Pre-demographic dividend,2025,1193090039471.961
Puerto Rico,2021,108444096329.67188
Puerto Rico,2022,110529448497.20752
Puerto Rico,2023,112614800664.74316
Puerto Rico,2024,114700152832.2793
Puerto Rico,2025,116785504999.81494
Portugal,2021,247885693696.10742
Portugal,2022,252682752901.6328
Portugal,2023,257479812107.1582
Portugal,2024,262276871312.68555
Portugal,2025,267073930518.21094
Paraguay,2021,32049709362.354492
Paraguay,2022,32751304239.543457
Paraguay,2023,33452899116.73242
Paraguay,2024,34154493993.921387
Paraguay,2025,34856088871.11035
West Bank and Gaza,2021,16991722222.222168
West Bank and Gaza,2022,17600065079.36499
West Bank and Gaza,2023,18208407936.507812
West Bank and Gaza,2024,18816750793.65088
West Bank and Gaza,2025,19425093650.7937
Pacific island small states,2021,9204232716.820679
Pacific island small states,2022,9399984164.868042
Pacific island small states,2023,9595735612.915344
Pacific island small states,2024,9791487060.962708
Pacific island small states,2025,9987238509.01001
Post-demographic dividend,2021,49572967897091.75
Post-demographic dividend,2022,50506574831551.25
Post-demographic dividend,2023,51440181766010.75
Post-demographic dividend,2024,52373788700470.25
Post-demographic dividend,2025,53307395634929.75
French Polynesia,2021,6715004154.787506
French Polynesia,2022,6842174484.871155
French Polynesia,2023,6969344814.954773
French Polynesia,2024,7096515145.038422
French Polynesia,2025,7223685475.12204
Qatar,2021,148450601852.6006
Qatar,2022,152237923140.19727
Qatar,2023,156025244427.79492
Qatar,2024,159812565715.3916
Qatar,2025,163599887002.98828
Romania,2021,240150229299.05078
Romania,2022,247609085999.67773
Romania,2023,255067942700.30664
Romania,2024,262526799400.9336
Romania,2025,269985656101.5625
Russian Federation,2021,1909228861428.1094
Russian Federation,2022,1964336113515.9219
Russian Federation,2023,2019443365603.7344
Russian Federation,2024,2074550617691.5469
Russian Federation,2025,2129657869779.3438
Rwanda,2021,7269417896.316772
Rwanda,2022,7415327421.377258
Rwanda,2023,7561236946.437683
Rwanda,2024,7707146471.498169
Rwanda,2025,7853055996.558594
South Asia,2021,2363589837083.922
South Asia,2022,2412752376520.422
South Asia,2023,2461914915956.9375
South Asia,2024,2511077455393.4375
South Asia,2025,2560239994829.9375
Saudi Arabia,2021,653070463084.1016
Saudi Arabia,2022,667527462723.2969
Saudi Arabia,2023,681984462362.4883
Saudi Arabia,2024,696441462001.6797
Saudi Arabia,2025,710898461640.875
Sudan,2021,43497581018.17529
Sudan,2022,44312543875.55542
Sudan,2023,45127506732.93555
Sudan,2024,45942469590.315674
Sudan,2025,46757432447.6958
Senegal,2021,18722336905.104492
Senegal,2022,19073396794.953247
Senegal,2023,19424456684.802124
Senegal,2024,19775516574.65088
Senegal,2025,20126576464.499634
Singapore,2021,277267796801.0488
Singapore,2022,283137584816.91406
Singapore,2023,289007372832.78125
Singapore,2024,294877160848.6465
Singapore,2025,300746948864.5117
Solomon Islands,2021,1229867489.6681442
Solomon Islands,2022,1257186281.379158
Solomon Islands,2023,1284505073.0901794
Solomon Islands,2024,1311823864.8011932
Solomon Islands,2025,1339142656.5122147
Sierra Leone,2021,3287779262.7977448
Sierra Leone,2022,3347775070.509308
Sierra Leone,2023,3407770878.220871
Sierra Leone,2024,3467766685.932434
Sierra Leone,2025,3527762493.643997
El Salvador,2021,23591307376.805542
El Salvador,2022,24076961386.828735
El Salvador,2023,24562615396.85193
El Salvador,2024,25048269406.875244
El Salvador,2025,25533923416.898438
San Marino,2021,1840156049.6619492
San Marino,2022,1857716251.1096268
San Marino,2023,1875276452.5572968
San Marino,2024,1892836654.0049744
San Marino,2025,1910396855.4526443
Somalia,2021,5605299851.5460205
Somalia,2022,5712125279.810699
Somalia,2023,5818950708.075348
Somalia,2024,5925776136.340027
Somalia,2025,6032601564.604706
Serbia,2021,56270620611.19531
Serbia,2022,57876679073.54004
Serbia,2023,59482737535.88428
Serbia,2024,61088795998.229004
Serbia,2025,62694854460.57324
Sub-Saharan Africa (excluding high income),2021,1488726346150.9688
Sub-Saharan Africa (excluding high income),2022,1518435149376.6094
Sub-Saharan Africa (excluding high income),2023,1548143952602.2578
Sub-Saharan Africa (excluding high income),2024,1577852755827.9062
Sub-Saharan Africa (excluding high income),2025,1607561559053.5547
South Sudan,2021,13971235326.15802
South Sudan,2022,13959722544.096275
South Sudan,2023,13948209762.034527
South Sudan,2024,13936696979.972782
South Sudan,2025,13925184197.911037
Sub-Saharan Africa,2021,1490024845031.1016
Sub-Saharan Africa,2022,1519759600575.0625
Sub-Saharan Africa,2023,1549494356119.0312
Sub-Saharan Africa,2024,1579229111663.0
Sub-Saharan Africa,2025,1608963867206.961
Small states,2021,467988283440.60547
Small states,2022,478956397739.21484
Small states,2023,489924512037.8242
Small states,2024,500892626336.4336
Small states,2025,511860740635.04297
Sao Tome and Principe,2021,459463589.66163635
Sao Tome and Principe,2022,480090221.10596466
Sao Tome and Principe,2023,500716852.55028534
Sao Tome and Principe,2024,521343483.99461365
Sao Tome and Principe,2025,541970115.4389343
Suriname,2021,3701180466.677582
Suriname,2022,3773286413.463135
Suriname,2023,3845392360.2486877
Suriname,2024,3917498307.03421
Suriname,2025,3989604253.819763
Slovak Republic,2021,119991805250.46973
Slovak Republic,2022,123654871671.04395
Slovak Republic,2023,127317938091.61914
Slovak Republic,2024,130981004512.19336
Slovak Republic,2025,134644070932.76758
Slovenia,2021,59593899678.13135
Slovenia,2022,61131932829.666504
Slovenia,2023,62669965981.20117
Slovenia,2024,64207999132.73633
Slovenia,2025,65746032284.270996
Sweden,2021,561695581718.0977
Sweden,2022,571971252443.0156
Sweden,2023,582246923167.9336
Sweden,2024,592522593892.8555
Sweden,2025,602798264617.7734
Eswatini,2021,4238381277.7474365
Eswatini,2022,4323181825.676086
Eswatini,2023,4407982373.604767
Eswatini,2024,4492782921.533417
Eswatini,2025,4577583469.462067
Sint Maarten (Dutch part),2021,1406687948.922577
Sint Maarten (Dutch part),2022,1448409816.4405365
Sint Maarten (Dutch part),2023,1490131683.958496
Sint Maarten (Dutch part),2024,1531853551.4764557
Sint Maarten (Dutch part),2025,1573575418.9944153
Seychelles,2021,1296267080.3448868
Seychelles,2022,1322148230.1806335
Seychelles,2023,1348029380.0163727
Seychelles,2024,1373910529.8521194
Seychelles,2025,1399791679.6878662
Syrian Arab Republic,2021,103352522105.06494
Syrian Arab Republic,2022,105247719134.37598
Syrian Arab Republic,2023,107142916163.6875
Syrian Arab Republic,2024,109038113192.99854
Syrian Arab Republic,2025,110933310222.30957
Turks and Caicos Islands,2021,1151702192.842102
Turks and Caicos Islands,2022,1188860492.6842194
Turks and Caicos Islands,2023,1226018792.5263214
Turks and Caicos Islands,2024,1263177092.3684235
Turks and Caicos Islands,2025,1300335392.2105255
Chad,2021,9885506310.106201
Chad,2022,10088297350.267883
Chad,2023,10291088390.429565
Chad,2024,10493879430.591248
Chad,2025,10696670470.75293
East Asia & Pacific (IDA & IBRD countries),2021,10264938644477.438
East Asia & Pacific (IDA & IBRD countries),2022,10490516598048.875
East Asia & Pacific (IDA & IBRD countries),2023,10716094551620.375
East Asia & Pacific (IDA & IBRD countries),2024,10941672505191.875
East Asia & Pacific (IDA & IBRD countries),2025,11167250458763.375
Europe & Central Asia (IDA & IBRD countries),2021,4690168534370.281
Europe & Central Asia (IDA & IBRD countries),2022,4828592943876.219
Europe & Central Asia (IDA & IBRD countries),2023,4967017353382.1875
Europe & Central Asia (IDA & IBRD countries),2024,5105441762888.125
Europe & Central Asia (IDA & IBRD countries),2025,5243866172394.0625
Togo,2021,4741171816.976166
Togo,2022,4833914080.010101
Togo,2023,4926656343.044037
Togo,2024,5019398606.077972
Togo,2025,5112140869.111908
Thailand,2021,391214357979.68945
Thailand,2022,399247017004.0879
Thailand,2023,407279676028.4863
Thailand,2024,415312335052.88477
Thailand,2025,423344994077.2832
Tajikistan,2021,8687942876.75586
Tajikistan,2022,8978680675.551758
Tajikistan,2023,9269418474.347778
Tajikistan,2024,9560156273.143677
Tajikistan,2025,9850894071.939575
Turkmenistan,2021,41066600081.94043
Turkmenistan,2022,42525599532.930664
Turkmenistan,2023,43984598983.92139
Turkmenistan,2024,45443598434.91162
Turkmenistan,2025,46902597885.901855
Latin America & the Caribbean (IDA & IBRD countries),2021,5093754463817.344
Latin America & the Caribbean (IDA & IBRD countries),2022,5196427277539.031
Latin America & the Caribbean (IDA & IBRD countries),2023,5299100091260.6875
Latin America & the Caribbean (IDA & IBRD countries),2024,5401772904982.344
Latin America & the Caribbean (IDA & IBRD countries),2025,5504445718704.0
Timor-Leste,2021,1977229007.619049
Timor-Leste,2022,2064329652.034607
Timor-Leste,2023,2151430296.4501953
Timor-Leste,2024,2238530940.8657837
Timor-Leste,2025,2325631585.281372
Middle East & North Africa (IDA & IBRD countries),2021,1410036186350.9922
Middle East & North Africa (IDA & IBRD countries),2022,1438899805985.0156
Middle East & North Africa (IDA & IBRD countries),2023,1467763425619.039
Middle East & North Africa (IDA & IBRD countries),2024,1496627045253.0703
Middle East & North Africa (IDA & IBRD countries),2025,1525490664887.0938
Tonga,2021,480194548.02156067
Tonga,2022,491262544.8927765
Tonga,2023,502330541.7639923
Tonga,2024,513398538.63520813
Tonga,2025,524466535.50642395
South Asia (IDA & IBRD),2021,2363589837083.922
South Asia (IDA & IBRD),2022,2412752376520.422
South Asia (IDA & IBRD),2023,2461914915956.9375
South Asia (IDA & IBRD),2024,2511077455393.4375
South Asia (IDA & IBRD),2025,2560239994829.9375
Sub-Saharan Africa (IDA & IBRD countries),2021,1490024845031.1016
Sub-Saharan Africa (IDA & IBRD countries),2022,1519759600575.0625
Sub-Saharan Africa (IDA & IBRD countries),2023,1549494356119.0312
Sub-Saharan Africa (IDA & IBRD countries),2024,1579229111663.0
Sub-Saharan Africa (IDA & IBRD countries),2025,1608963867206.961
Trinidad and Tobago,2021,23090598738.232544
Trinidad and Tobago,2022,23535544070.58252
Trinidad and Tobago,2023,23980489402.932373
Trinidad and Tobago,2024,24425434735.28235
Trinidad and Tobago,2025,24870380067.632324
Tunisia,2021,47701859096.18384
Tunisia,2022,48670153541.54712
Tunisia,2023,49638447986.910645
Tunisia,2024,50606742432.273926
Tunisia,2025,51575036877.63745
Turkey,2021,767587269003.1172
Turkey,2022,783356930028.918
Turkey,2023,799126591054.7188
Turkey,2024,814896252080.5195
Turkey,2025,830665913106.3203
Tuvalu,2021,46434483.68607664
Tuvalu,2022,47811120.87269831
Tuvalu,2023,49187758.05931997
Tuvalu,2024,50564395.24594116
Tuvalu,2025,51941032.43256283
Tanzania,2021,56690406817.36328
Tanzania,2022,58601913434.86279
Tanzania,2023,60513420052.36182
Tanzania,2024,62424926669.86084
Tanzania,2025,64336433287.35986
Uganda,2021,25354121008.993286
Uganda,2022,25877346948.209106
Uganda,2023,26400572887.424927
Uganda,2024,26923798826.640625
Uganda,2025,27447024765.856445
Ukraine,2021,153680220479.7959
Ukraine,2022,157067535730.16602
Ukraine,2023,160454850980.53613
Ukraine,2024,163842166230.90625
Ukraine,2025,167229481481.27734
Upper middle income,2021,17081988224603.5
Upper middle income,2022,17440446313446.0
Upper middle income,2023,17798904402288.5
Upper middle income,2024,18157362491131.0
Upper middle income,2025,18515820579973.5
Uruguay,2021,47932373619.35498
Uruguay,2022,48884535257.95557
Uruguay,2023,49836696896.55591
Uruguay,2024,50788858535.15625
Uruguay,2025,51741020173.756836
United States,2021,18653326918865.5
United States,2022,19007292323782.375
United States,2023,19361257728699.25
United States,2024,19715223133616.125
United States,2025,20069188538533.0
Uzbekistan,2021,72911157296.02051
Uzbekistan,2022,75345794741.03711
Uzbekistan,2023,77780432186.05469
Uzbekistan,2024,80215069631.07227
Uzbekistan,2025,82649707076.08887
St. Vincent and the Grenadines,2021,785497265.5647964
St. Vincent and the Grenadines,2022,800862027.664463
St. Vincent and the Grenadines,2023,816226789.7641258
St. Vincent and the Grenadines,2024,831591551.8637886
St. Vincent and the Grenadines,2025,846956313.9634514
"Venezuela, RB",2021,294284012819.791
"Venezuela, RB",2022,300088456946.09375
"Venezuela, RB",2023,305892901072.3965
"Venezuela, RB",2024,311697345198.6992
"Venezuela, RB",2025,317501789325.00195
Virgin Islands (U.S.),2021,3931725490.1960773
Virgin Islands (U.S.),2022,3926254901.960783
Virgin Islands (U.S.),2023,3920784313.7254887
Virgin Islands (U.S.),2024,3915313725.4901943
Virgin Islands (U.S.),2025,3909843137.2549
Vietnam,2021,216550681116.0586
Vietnam,2022,223679349308.82812
Vietnam,2023,230808017501.5957
Vietnam,2024,237936685694.36523
Vietnam,2025,245065353887.13477
Vanuatu,2021,849894527.2559509
Vanuatu,2022,871023518.1008224
Vanuatu,2023,892152508.9456863
Vanuatu,2024,913281499.7905502
Vanuatu,2025,934410490.6354218
World,2021,76375312982036.0
World,2022,77867367883137.0
World,2023,79359422784237.5
World,2024,80851477685338.0
World,2025,82343532586439.0
Samoa,2021,872307212.5134048
Samoa,2022,895595110.4827194
Samoa,2023,918883008.4520416
Samoa,2024,942170906.4213562
Samoa,2025,965458804.3906708
Kosovo,2021,8227267550.26001
Kosovo,2022,8462895039.289795
Kosovo,2023,8698522528.31958
Kosovo,2024,8934150017.349426
Kosovo,2025,9169777506.379211
"Yemen, Rep.",2021,40811969450.50488
"Yemen, Rep.",2022,42140315579.62695
"Yemen, Rep.",2023,43468661708.748535
"Yemen, Rep.",2024,44797007837.870605
"Yemen, Rep.",2025,46125353966.992676
South Africa,2021,381965397625.4336
South Africa,2022,389275779461.1387
South Africa,2023,396586161296.8418
South Africa,2024,403896543132.5469
South Africa,2025,411206924968.25195
Zambia,2021,19405924171.960938
Zambia,2022,19791642008.80017
Zambia,2023,20177359845.639526
Zambia,2024,20563077682.47876
Zambia,2025,20948795519.317993
Zimbabwe,2021,15485047197.683044
Zimbabwe,2022,15744526091.227844
Zimbabwe,2023,16004004984.772644
Zimbabwe,2024,16263483878.317444
Zimbabwe,2025,16522962771.862305
